Dataset,Overlaps,Run,Method
dolphin,4,1,SLPA
C.elegans,0,1,SLPA
Disesome,42,1,SLPA
karate,2,1,SLPA
lesmisreable,2,1,SLPA
netscience,34,1,SLPA
yeast,92,1,SLPA
dolphin,4,2,SLPA
C.elegans,0,2,SLPA
Disesome,49,2,SLPA
karate,2,2,SLPA
lesmisreable,2,2,SLPA
netscience,26,2,SLPA
yeast,80,2,SLPA
dolphin,6,3,SLPA
C.elegans,0,3,SLPA
Disesome,39,3,SLPA
karate,2,3,SLPA
lesmisreable,3,3,SLPA
netscience,32,3,SLPA
yeast,109,3,SLPA
dolphin,3,4,SLPA
C.elegans,0,4,SLPA
Disesome,44,4,SLPA
karate,0,4,SLPA
lesmisreable,3,4,SLPA
netscience,34,4,SLPA
yeast,89,4,SLPA
dolphin,3,5,SLPA
C.elegans,0,5,SLPA
Disesome,39,5,SLPA
karate,0,5,SLPA
lesmisreable,3,5,SLPA
netscience,34,5,SLPA
yeast,94,5,SLPA
dolphin,3,6,SLPA
C.elegans,0,6,SLPA
Disesome,36,6,SLPA
karate,3,6,SLPA
lesmisreable,3,6,SLPA
netscience,40,6,SLPA
yeast,89,6,SLPA
dolphin,4,7,SLPA
C.elegans,0,7,SLPA
Disesome,48,7,SLPA
karate,2,7,SLPA
lesmisreable,2,7,SLPA
netscience,34,7,SLPA
yeast,100,7,SLPA
dolphin,5,8,SLPA
C.elegans,0,8,SLPA
Disesome,29,8,SLPA
karate,2,8,SLPA
lesmisreable,2,8,SLPA
netscience,31,8,SLPA
yeast,69,8,SLPA
dolphin,8,9,SLPA
C.elegans,0,9,SLPA
Disesome,41,9,SLPA
karate,4,9,SLPA
lesmisreable,3,9,SLPA
netscience,31,9,SLPA
yeast,90,9,SLPA
dolphin,5,10,SLPA
C.elegans,0,10,SLPA
Disesome,45,10,SLPA
karate,2,10,SLPA
lesmisreable,2,10,SLPA
netscience,36,10,SLPA
yeast,90,10,SLPA
dolphin,4,1,DEMON
C.elegans,6,1,DEMON
Disesome,52,1,DEMON
karate,2,1,DEMON
lesmisreable,3,1,DEMON
netscience,40,1,DEMON
yeast,48,1,DEMON
dolphin,3,2,DEMON
C.elegans,5,2,DEMON
Disesome,54,2,DEMON
karate,2,2,DEMON
lesmisreable,3,2,DEMON
netscience,40,2,DEMON
yeast,51,2,DEMON
dolphin,4,3,DEMON
C.elegans,5,3,DEMON
Disesome,49,3,DEMON
karate,2,3,DEMON
lesmisreable,3,3,DEMON
netscience,41,3,DEMON
yeast,41,3,DEMON
dolphin,4,4,DEMON
C.elegans,6,4,DEMON
Disesome,48,4,DEMON
karate,2,4,DEMON
lesmisreable,3,4,DEMON
netscience,41,4,DEMON
yeast,46,4,DEMON
dolphin,4,5,DEMON
C.elegans,5,5,DEMON
Disesome,54,5,DEMON
karate,2,5,DEMON
lesmisreable,3,5,DEMON
netscience,40,5,DEMON
yeast,47,5,DEMON
dolphin,4,6,DEMON
C.elegans,6,6,DEMON
Disesome,52,6,DEMON
karate,2,6,DEMON
lesmisreable,3,6,DEMON
netscience,42,6,DEMON
yeast,42,6,DEMON
dolphin,4,7,DEMON
C.elegans,5,7,DEMON
Disesome,53,7,DEMON
karate,2,7,DEMON
lesmisreable,3,7,DEMON
netscience,41,7,DEMON
yeast,43,7,DEMON
dolphin,4,8,DEMON
C.elegans,5,8,DEMON
Disesome,53,8,DEMON
karate,2,8,DEMON
lesmisreable,3,8,DEMON
netscience,40,8,DEMON
yeast,43,8,DEMON
dolphin,4,9,DEMON
C.elegans,6,9,DEMON
Disesome,55,9,DEMON
karate,2,9,DEMON
lesmisreable,3,9,DEMON
netscience,39,9,DEMON
yeast,48,9,DEMON
dolphin,4,10,DEMON
C.elegans,6,10,DEMON
Disesome,54,10,DEMON
karate,2,10,DEMON
lesmisreable,3,10,DEMON
netscience,40,10,DEMON
yeast,49,10,DEMON
dolphin,5,1,CPM
C.elegans,0,1,CPM
Disesome,223,1,CPM
karate,2,1,CPM
lesmisreable,4,1,CPM
netscience,118,1,CPM
yeast,92,1,CPM
dolphin,5,2,CPM
C.elegans,0,2,CPM
Disesome,223,2,CPM
karate,2,2,CPM
lesmisreable,4,2,CPM
netscience,118,2,CPM
yeast,92,2,CPM
dolphin,5,3,CPM
C.elegans,0,3,CPM
Disesome,223,3,CPM
karate,2,3,CPM
lesmisreable,4,3,CPM
netscience,118,3,CPM
yeast,92,3,CPM
dolphin,5,4,CPM
C.elegans,0,4,CPM
Disesome,223,4,CPM
karate,2,4,CPM
lesmisreable,4,4,CPM
netscience,118,4,CPM
yeast,92,4,CPM
dolphin,5,5,CPM
C.elegans,0,5,CPM
Disesome,223,5,CPM
karate,2,5,CPM
lesmisreable,4,5,CPM
netscience,118,5,CPM
yeast,92,5,CPM
dolphin,5,6,CPM
C.elegans,0,6,CPM
Disesome,223,6,CPM
karate,2,6,CPM
lesmisreable,4,6,CPM
netscience,118,6,CPM
yeast,92,6,CPM
dolphin,5,7,CPM
C.elegans,0,7,CPM
Disesome,223,7,CPM
karate,2,7,CPM
lesmisreable,4,7,CPM
netscience,118,7,CPM
yeast,92,7,CPM
dolphin,5,8,CPM
C.elegans,0,8,CPM
Disesome,223,8,CPM
karate,2,8,CPM
lesmisreable,4,8,CPM
netscience,118,8,CPM
yeast,92,8,CPM
dolphin,5,9,CPM
C.elegans,0,9,CPM
Disesome,223,9,CPM
karate,2,9,CPM
lesmisreable,4,9,CPM
netscience,118,9,CPM
yeast,92,9,CPM
dolphin,5,10,CPM
C.elegans,0,10,CPM
Disesome,223,10,CPM
karate,2,10,CPM
lesmisreable,4,10,CPM
netscience,118,10,CPM
yeast,92,10,CPM
dolphin,3,1,A-CLA
C.elegans,6,1,A-CLA
Disesome,11,1,A-CLA
karate,2,1,A-CLA
lesmisreable,2,1,A-CLA
netscience,12,1,A-CLA
yeast,117,1,A-CLA
dolphin,3,2,A-CLA
C.elegans,6,2,A-CLA
Disesome,11,2,A-CLA
karate,2,2,A-CLA
lesmisreable,2,2,A-CLA
netscience,12,2,A-CLA
yeast,117,2,A-CLA
dolphin,3,3,A-CLA
C.elegans,6,3,A-CLA
Disesome,11,3,A-CLA
karate,2,3,A-CLA
lesmisreable,2,3,A-CLA
netscience,12,3,A-CLA
yeast,117,3,A-CLA
dolphin,3,4,A-CLA
C.elegans,6,4,A-CLA
Disesome,11,4,A-CLA
karate,2,4,A-CLA
lesmisreable,2,4,A-CLA
netscience,12,4,A-CLA
yeast,117,4,A-CLA
dolphin,3,5,A-CLA
C.elegans,6,5,A-CLA
Disesome,11,5,A-CLA
karate,2,5,A-CLA
lesmisreable,2,5,A-CLA
netscience,12,5,A-CLA
yeast,117,5,A-CLA
dolphin,3,6,A-CLA
C.elegans,6,6,A-CLA
Disesome,11,6,A-CLA
karate,2,6,A-CLA
lesmisreable,2,6,A-CLA
netscience,12,6,A-CLA
yeast,117,6,A-CLA
dolphin,3,7,A-CLA
C.elegans,6,7,A-CLA
Disesome,11,7,A-CLA
karate,2,7,A-CLA
lesmisreable,2,7,A-CLA
netscience,12,7,A-CLA
yeast,117,7,A-CLA
dolphin,3,8,A-CLA
C.elegans,6,8,A-CLA
Disesome,11,8,A-CLA
karate,2,8,A-CLA
lesmisreable,2,8,A-CLA
netscience,12,8,A-CLA
yeast,117,8,A-CLA
dolphin,3,9,A-CLA
C.elegans,6,9,A-CLA
Disesome,11,9,A-CLA
karate,2,9,A-CLA
lesmisreable,2,9,A-CLA
netscience,12,9,A-CLA
yeast,117,9,A-CLA
dolphin,3,10,A-CLA
C.elegans,6,10,A-CLA
Disesome,11,10,A-CLA
karate,2,10,A-CLA
lesmisreable,2,10,A-CLA
netscience,12,10,A-CLA
yeast,117,10,A-CLA
dolphin,3,1,Leiden
C.elegans,5,1,Leiden
Disesome,25,1,Leiden
karate,4,1,Leiden
lesmisreable,5,1,Leiden
netscience,3,1,Leiden
yeast,22,1,Leiden
dolphin,3,2,Leiden
C.elegans,5,2,Leiden
Disesome,22,2,Leiden
karate,4,2,Leiden
lesmisreable,6,2,Leiden
netscience,3,2,Leiden
yeast,19,2,Leiden
dolphin,3,3,Leiden
C.elegans,5,3,Leiden
Disesome,24,3,Leiden
karate,3,3,Leiden
lesmisreable,6,3,Leiden
netscience,3,3,Leiden
yeast,22,3,Leiden
dolphin,6,4,Leiden
C.elegans,5,4,Leiden
Disesome,27,4,Leiden
karate,4,4,Leiden
lesmisreable,5,4,Leiden
netscience,3,4,Leiden
yeast,23,4,Leiden
dolphin,2,5,Leiden
C.elegans,5,5,Leiden
Disesome,24,5,Leiden
karate,3,5,Leiden
lesmisreable,6,5,Leiden
netscience,3,5,Leiden
yeast,21,5,Leiden
dolphin,3,6,Leiden
C.elegans,6,6,Leiden
Disesome,27,6,Leiden
karate,3,6,Leiden
lesmisreable,5,6,Leiden
netscience,3,6,Leiden
yeast,21,6,Leiden
dolphin,3,7,Leiden
C.elegans,5,7,Leiden
Disesome,26,7,Leiden
karate,4,7,Leiden
lesmisreable,5,7,Leiden
netscience,3,7,Leiden
yeast,25,7,Leiden
dolphin,3,8,Leiden
C.elegans,5,8,Leiden
Disesome,24,8,Leiden
karate,4,8,Leiden
lesmisreable,6,8,Leiden
netscience,3,8,Leiden
yeast,23,8,Leiden
dolphin,3,9,Leiden
C.elegans,6,9,Leiden
Disesome,27,9,Leiden
karate,3,9,Leiden
lesmisreable,6,9,Leiden
netscience,3,9,Leiden
yeast,23,9,Leiden
dolphin,3,10,Leiden
C.elegans,6,10,Leiden
Disesome,24,10,Leiden
karate,4,10,Leiden
lesmisreable,5,10,Leiden
netscience,3,10,Leiden
yeast,22,10,Leiden
dolphin,5,1,Louvain
C.elegans,5,1,Louvain
Disesome,28,1,Louvain
karate,3,1,Louvain
lesmisreable,5,1,Louvain
netscience,23,1,Louvain
yeast,22,1,Louvain
dolphin,5,2,Louvain
C.elegans,6,2,Louvain
Disesome,29,2,Louvain
karate,3,2,Louvain
lesmisreable,6,2,Louvain
netscience,23,2,Louvain
yeast,24,2,Louvain
dolphin,5,3,Louvain
C.elegans,5,3,Louvain
Disesome,30,3,Louvain
karate,3,3,Louvain
lesmisreable,5,3,Louvain
netscience,25,3,Louvain
yeast,22,3,Louvain
dolphin,5,4,Louvain
C.elegans,5,4,Louvain
Disesome,30,4,Louvain
karate,3,4,Louvain
lesmisreable,5,4,Louvain
netscience,25,4,Louvain
yeast,26,4,Louvain
dolphin,5,5,Louvain
C.elegans,6,5,Louvain
Disesome,29,5,Louvain
karate,3,5,Louvain
lesmisreable,5,5,Louvain
netscience,23,5,Louvain
yeast,23,5,Louvain
dolphin,5,6,Louvain
C.elegans,5,6,Louvain
Disesome,27,6,Louvain
karate,3,6,Louvain
lesmisreable,6,6,Louvain
netscience,23,6,Louvain
yeast,25,6,Louvain
dolphin,5,7,Louvain
C.elegans,5,7,Louvain
Disesome,27,7,Louvain
karate,3,7,Louvain
lesmisreable,6,7,Louvain
netscience,23,7,Louvain
yeast,26,7,Louvain
dolphin,5,8,Louvain
C.elegans,5,8,Louvain
Disesome,31,8,Louvain
karate,3,8,Louvain
lesmisreable,6,8,Louvain
netscience,24,8,Louvain
yeast,23,8,Louvain
dolphin,5,9,Louvain
C.elegans,6,9,Louvain
Disesome,27,9,Louvain
karate,3,9,Louvain
lesmisreable,5,9,Louvain
netscience,23,9,Louvain
yeast,26,9,Louvain
dolphin,4,10,Louvain
C.elegans,6,10,Louvain
Disesome,31,10,Louvain
karate,3,10,Louvain
lesmisreable,6,10,Louvain
netscience,23,10,Louvain
yeast,25,10,Louvain
dolphin,4,1,GN
C.elegans,1,1,GN
Disesome,6,1,GN
karate,3,1,GN
lesmisreable,4,1,GN
netscience,19,1,GN
yeast,6,1,GN
dolphin,4,2,GN
C.elegans,1,2,GN
Disesome,6,2,GN
karate,3,2,GN
lesmisreable,4,2,GN
netscience,19,2,GN
yeast,6,2,GN
dolphin,4,3,GN
C.elegans,1,3,GN
Disesome,6,3,GN
karate,3,3,GN
lesmisreable,4,3,GN
netscience,19,3,GN
yeast,6,3,GN
dolphin,4,4,GN
C.elegans,1,4,GN
Disesome,6,4,GN
karate,3,4,GN
lesmisreable,4,4,GN
netscience,19,4,GN
yeast,6,4,GN
dolphin,4,5,GN
C.elegans,1,5,GN
Disesome,6,5,GN
karate,3,5,GN
lesmisreable,4,5,GN
netscience,19,5,GN
yeast,6,5,GN
dolphin,4,6,GN
C.elegans,1,6,GN
Disesome,6,6,GN
karate,3,6,GN
lesmisreable,4,6,GN
netscience,19,6,GN
yeast,6,6,GN
dolphin,4,7,GN
C.elegans,1,7,GN
Disesome,6,7,GN
karate,3,7,GN
lesmisreable,4,7,GN
netscience,19,7,GN
yeast,6,7,GN
dolphin,4,8,GN
C.elegans,1,8,GN
Disesome,6,8,GN
karate,3,8,GN
lesmisreable,4,8,GN
netscience,19,8,GN
yeast,6,8,GN
dolphin,4,9,GN
C.elegans,1,9,GN
Disesome,6,9,GN
karate,3,9,GN
lesmisreable,4,9,GN
netscience,19,9,GN
yeast,6,9,GN
dolphin,4,10,GN
C.elegans,1,10,GN
Disesome,6,10,GN
karate,3,10,GN
lesmisreable,4,10,GN
netscience,19,10,GN
yeast,6,10,GN
