Dataset,LeadingEigenvector_mean,LeadingEigenvector_sd,CPM_mean,CPM_sd,SLPA_mean,SLPA_sd,DEMON_mean,DEMON_sd,Leiden_mean,Leiden_sd,A_CLA_mean,A_CLA_sd
Dolphin,0.528,0.011,0.385,0.011,0.458,0.011,0.341,0.011,0.543,0.011,0.527,0.011
C. Elegans,0.332,0.009,-0.0001,0.009,0.037,0.009,0.049,0.009,0.405,0.009,0.401,0.009
Diseasome,0.831,0.01,0.523,0.01,0.826,0.01,0.479,0.01,0.879,0.01,0.877,0.01
Karate Club,0.412,0.008,0.097,0.008,0.339,0.008,0.0409,0.008,0.426,0.008,0.403,0.008
Les Misérables,0.532,0.01,0.182,0.01,0.081,0.01,0.139,0.01,0.56,0.01,0.558,0.01
NetScience,0.951,0.006,0.809,0.006,0.933,0.006,0.7009,0.006,0.959,0.006,0.958,0.006
Yeast,0.521,0.012,0.307,0.012,0.521,0.012,0.223,0.012,0.605,0.012,0.619,0.012
Candida,0.234,0.007,-0.176,0.007,0.0,0.007,-0.176,0.007,0.236,0.007,0.235,0.007
DanioRerio,0.43,0.009,-0.139,0.009,0.0,0.009,-0.139,0.009,0.466,0.009,0.465,0.009
