Dataset,A_CLA_Louvain_mean,A_CLA_Louvain_sd,A_CLA_GN_mean,A_CLA_GN_sd,A_CLA_LP_mean,A_CLA_LP_sd,A_CLA_LE_mean,A_CLA_LE_sd
Dolphin,0.5422,0.0091,1.0,,0.0,0.0029,0.418,0.0119
NetScience,0.1886,0.0091,0.182,0.0083,0.21,0.0029,0.1869,0.0119
Yeast,0.1669,0.0091,0.1928,0.0083,0.2123,0.0029,0.103,0.0119
Diseasome,0.3763,0.0091,0.0009,0.0083,0.255,0.0029,0.1834,0.0119
C. elegans,0.4254,0.0091,0.003,0.0083,1.0,,0.2598,0.0119
Candida,0.8999,0.0091,0.0,0.0083,0.0001,0.0029,0.0,0.0119
DanioRerio,0.5693,0.0091,0.0,0.0083,0.0002,0.0029,0.0,0.0119
Karate Club,0.5576,0.0091,0.8114,0.0083,0.0,0.0029,0.0001,0.0119
Les Misérables,0.5447,0.0091,0.0,0.0083,0.2425,0.0029,0.2642,0.0119
