original_path,bytes,sha256,category,included_as,note
A-CLA-CODES/Eadge density & Betweenness centrality/A-CLA.02.02.ED.BC.py,4919,40cded7110f25a8b42f942acad7ced5dcdf6258248897abeec996e03d9e14920,python,legacy/submission_code/Eadge density & Betweenness centrality/A-CLA.02.02.ED.BC.py,
A-CLA-CODES/F1-Score/A-CLA.02.04.01.F1.py,3476,c06f98721c8cf5dac1129ab435afcec3d0a1f99ce39c4984f1147df7fd2d59ca,python,legacy/submission_code/F1-Score/A-CLA.02.04.01.F1.py,
A-CLA-CODES/Modularity/A-CLA.02.01.Modularity.py,9252,ee3c3b735ba6593d5a6af155e599403e697f498b290dc75a39ff0e3ab90b07de,python,legacy/submission_code/Modularity/A-CLA.02.01.Modularity.py,
A-CLA-CODES/NMI/A-CLA.02.03.02.NMI.py,4700,709699c8798bd576a3398f18b0b46a279d02aa3d95810f427615a2efd35eb744,python,legacy/submission_code/NMI/A-CLA.02.03.02.NMI.py,
"A-CLA-CODES/NMI/A-CLA.02.03.NMI,GN.py",3818,6b0be2fb2689272df0054e43e578a6f3e4d3c4bd4a3b9440c2986eacf7a0ec6b,python,"legacy/submission_code/NMI/A-CLA.02.03.NMI,GN.py",
A-CLA-CODES/NMI/A-CLA.02.03.NMI.LE.py,3744,88fa797cfb19248d468ba66139119e7027045498921e91f8286bb71ee0f3567f,python,legacy/submission_code/NMI/A-CLA.02.03.NMI.LE.py,
A-CLA-CODES/NMI/A-CLA.02.03.NMI.LP.py,3674,01dc122afe781b1912fc7892b6bdcc72e43de67d54a5a069d234702663792c33,python,legacy/submission_code/NMI/A-CLA.02.03.NMI.LP.py,
A-CLA-CODES/NMI/A-CLA.02.03.NMI.louvain.py,5084,5cb3efa968acea4190eeb474168cfb3b314a3c38651491f4960d18930adb9518,python,legacy/submission_code/NMI/A-CLA.02.03.NMI.louvain.py,
A-CLA-CODES/Overlapp/overlap_statistic S A_01_01.py,4875,792c10373b42f3b05f8155f1b8313a86a33ab58b71bbd3b73e85a39061cd77e7,python,legacy/submission_code/Overlapp/overlap_statistic S A_01_01.py,
A-CLA-CODES/SD & ANOVA/Modularity ANOVA & SD/ST_ANOVA_M_01_01.py,2518,3e3a44eb15e987a7a7aeabcaec49c31aeaa1a9752dea235309995eafa168afee,python,legacy/submission_code/SD & ANOVA/Modularity ANOVA & SD/ST_ANOVA_M_01_01.py,
A-CLA-CODES/SD & ANOVA/Overlapping ANOVA & SD/ANOVA_overlap_01_01.py,5010,cd2d6bb074b0b3763f858388ef4ebee4abf4efca5c817e152d3c6e36b257f740,python,legacy/submission_code/SD & ANOVA/Overlapping ANOVA & SD/ANOVA_overlap_01_01.py,
A-CLA-CODES/SD & ANOVA/Overlapping ANOVA & SD/ST_ANOVA_OVER_01_01.py,2467,c63a42ed37f719a165289ac2e19ea9124601ebe8f6404a9134b189609749c391,python,legacy/submission_code/SD & ANOVA/Overlapping ANOVA & SD/ST_ANOVA_OVER_01_01.py,
A-CLA-CODES/SD & ANOVA/Overlapping ANOVA & SD/overlap_statistic S A_01_01.py,4875,792c10373b42f3b05f8155f1b8313a86a33ab58b71bbd3b73e85a39061cd77e7,python,legacy/submission_code/SD & ANOVA/Overlapping ANOVA & SD/overlap_statistic S A_01_01.py,
Article/01-Introduciotn/01-intoduciton.03.01.docx,16770,5db604c06b3adeca98fef17f5c90bf5b5c78a6786ae501b138022897f69e0081,manuscript_development,,"not included: manuscript drafts, reviewer correspondence, EndNote data, figures duplicated elsewhere, or temporary Office files"
Article/01-Introduciotn/01-intoduciton.03.02.docx,16114,ab82b1e3d7bc7d03cfbdaac349104c6d25ce5bb9329929d1d7d23d6333ecfc56,manuscript_development,,"not included: manuscript drafts, reviewer correspondence, EndNote data, figures duplicated elsewhere, or temporary Office files"
Article/01-Introduciotn/01.inrodcution.02.docx,15142,43061afb10cd0eca60b6a033c94398b76c1a4e6310cf35145b746e48542a1935,manuscript_development,,"not included: manuscript drafts, reviewer correspondence, EndNote data, figures duplicated elsewhere, or temporary Office files"
Article/01-Introduciotn/01.introdcution.01.docx,14933,f535b8c201de11801df141e91dd8da923531bc437e0018923f825c4777bd9955,manuscript_development,,"not included: manuscript drafts, reviewer correspondence, EndNote data, figures duplicated elsewhere, or temporary Office files"
Article/02-Related Work/02.related work.01.01.docx,15292,b019098fa4ce469295f65b5bba785d842d3441f705fc89a8bd5c36235f845086,manuscript_development,,"not included: manuscript drafts, reviewer correspondence, EndNote data, figures duplicated elsewhere, or temporary Office files"
Article/02-Related Work/02.related work.01.02.docx,15070,ce3473392b74f6739fcdd247640aedf41428455a5f584a7180c0d7056ba08605,manuscript_development,,"not included: manuscript drafts, reviewer correspondence, EndNote data, figures duplicated elsewhere, or temporary Office files"
Article/03.Preliminary/03.prelimimary.01.01.docx,19442,367aa688e91643fce215843362a142b428697d7dd972974e28e9c8e8032681f5,manuscript_development,,"not included: manuscript drafts, reviewer correspondence, EndNote data, figures duplicated elsewhere, or temporary Office files"
Article/03.Preliminary/03.preliminary.01.02.docx,19428,01f849c921b941ab13084d0890991b259ffcd7cff430a99e69e55efe6493cc24,manuscript_development,,"not included: manuscript drafts, reviewer correspondence, EndNote data, figures duplicated elsewhere, or temporary Office files"
Article/04-Proposed method/01-proposed method.02.02.docx,17402,d7970bdc37dd07d7211ab34b957335290942c670462f6e68bf5d948d778f162a,manuscript_development,,"not included: manuscript drafts, reviewer correspondence, EndNote data, figures duplicated elsewhere, or temporary Office files"
Article/04-Proposed method/04-proposed method.02.01.docx,19054,0b59cdebe2561bc244a18a46df8d63a0dd8416fca3afd2b2382c54a46f34c657,manuscript_development,,"not included: manuscript drafts, reviewer correspondence, EndNote data, figures duplicated elsewhere, or temporary Office files"
Article/04-Proposed method/04-proposed method.docx,15804,8d951361acf8b76e618fb45fc50904909dd8b45d6b23ae604f91766ee17b591b,manuscript_development,,"not included: manuscript drafts, reviewer correspondence, EndNote data, figures duplicated elsewhere, or temporary Office files"
Article/04-Proposed method/04-psudo code.docx,14666,25957cf2b153aaef049e48b7dafd05ec7bc7b6d0bb11acef1eadb8e813ddf3ef,manuscript_development,,"not included: manuscript drafts, reviewer correspondence, EndNote data, figures duplicated elsewhere, or temporary Office files"
Article/04-Proposed method/convergence.png,42824,02df89ae6ad0ad8ad6e62070dd504d14deb48d772b58b49a10a2b3412ec4b768,manuscript_development,,"not included: manuscript drafts, reviewer correspondence, EndNote data, figures duplicated elsewhere, or temporary Office files"
Article/04-Proposed method/psudeo code 02.docx,15994,5f40760fd291e8e5098f3c97783ea56692cb0671289ace2897be4a59e36390f2,manuscript_development,,"not included: manuscript drafts, reviewer correspondence, EndNote data, figures duplicated elsewhere, or temporary Office files"
Article/04-Proposed method/psudo code 03.docx,31785,997af787db3b64e6483b16ec007a364da6954cc0d8249de599ad3ef14b5ba896,manuscript_development,,"not included: manuscript drafts, reviewer correspondence, EndNote data, figures duplicated elsewhere, or temporary Office files"
Article/05-Result/05-result.01.docx,390954,be48bf660be8554f56993e7d72f6e5b623c1fda55c44671b5dcadf87f4ddce4e,manuscript_development,,"not included: manuscript drafts, reviewer correspondence, EndNote data, figures duplicated elsewhere, or temporary Office files"
Article/general/A-CLA A Novel Adaptive Cellular Learning Automata Approach for uncovering Communities in Complex network-01.02.docx,2356746,7f97f298ee8ac0c1d382273cd659cdab8788db3f26f89979f00adfdcaccadd7e,manuscript_development,,"not included: manuscript drafts, reviewer correspondence, EndNote data, figures duplicated elsewhere, or temporary Office files"
Article/general/A-CLA A Novel Adaptive Cellular Learning Automata Approach for uncovering Communities in Complex network-01.03.docx,2496614,8e064e42fb2588cafb7939c4a752fde0c43bada06161cdb2b2b85176c4fd1643,manuscript_development,,"not included: manuscript drafts, reviewer correspondence, EndNote data, figures duplicated elsewhere, or temporary Office files"
Article/general/A-CLA A Novel Adaptive Cellular Learning Automata Approach for uncovering Communities in Complex network-01.04.docx,2480438,677bd9553d13441265ef12a1e56393c5c1d9761f51ee0b23a5b736529dd2923d,manuscript_development,,"not included: manuscript drafts, reviewer correspondence, EndNote data, figures duplicated elsewhere, or temporary Office files"
Article/general/A-CLA A Novel Adaptive Cellular Learning Automata Approach for uncovering Communities in Complex network-02 - Copy.docx,2355914,8dda372ec45e952cf1a1e8a16c656bfa5894935efb687c12363e7568fa8e9812,manuscript_development,,"not included: manuscript drafts, reviewer correspondence, EndNote data, figures duplicated elsewhere, or temporary Office files"
Article/general/Cover Letter.docx,16046,ab5ff1f11b2da80896b642e4bd5860f8ea89622180c08c695b1a8857f43603ae,manuscript_development,,"not included: manuscript drafts, reviewer correspondence, EndNote data, figures duplicated elsewhere, or temporary Office files"
Article/general/My EndNote Library.Data/sdb/pdb.eni,16384,dbe70743dd68c1aa1332c296238ed24eb905e9d90d440c4115ad196de44ec5e7,manuscript_development,,"not included: manuscript drafts, reviewer correspondence, EndNote data, figures duplicated elsewhere, or temporary Office files"
Article/general/My EndNote Library.Data/sdb/sdb.eni,163840,e1e984bff04e606ed5898ca1a20015fd98c197a759bd6fd07a9d999f0a2fef30,manuscript_development,,"not included: manuscript drafts, reviewer correspondence, EndNote data, figures duplicated elsewhere, or temporary Office files"
Article/general/article01.Data/sdb/pdb.eni,16384,e6a8290981577645268d88a94fe93337efd5366e63edd1b01c52981303662189,manuscript_development,,"not included: manuscript drafts, reviewer correspondence, EndNote data, figures duplicated elsewhere, or temporary Office files"
Article/general/article01.Data/sdb/sdb.eni,159744,5a2ec10934952bd75fa0e463c019640ce84ecd602fb54df03713a0d9a93bf84d,manuscript_development,,"not included: manuscript drafts, reviewer correspondence, EndNote data, figures duplicated elsewhere, or temporary Office files"
Article/general/biblography.docx,14890,eebc5aa61c5f896346af73caf8ec34e10d46a46092b12f1563166c74ac5c4eff,manuscript_development,,"not included: manuscript drafts, reviewer correspondence, EndNote data, figures duplicated elsewhere, or temporary Office files"
Article/general/final/A-CLA A Novel Adaptive Cellular Learning Automata Approach for Uncovering Communities in Complex Networks.docx,2469096,f3233f854900ba85e5b3101ad5dc88f3a9b21fc4115acaba3469ed8d0ee69f81,manuscript_development,,"not included: manuscript drafts, reviewer correspondence, EndNote data, figures duplicated elsewhere, or temporary Office files"
Article/general/final/My EndNote Library (2025-06-20T083830).Data/sdb/pdb.eni,16384,e6a8290981577645268d88a94fe93337efd5366e63edd1b01c52981303662189,manuscript_development,,"not included: manuscript drafts, reviewer correspondence, EndNote data, figures duplicated elsewhere, or temporary Office files"
Article/general/final/My EndNote Library (2025-06-20T083830).Data/sdb/sdb.eni,159744,12e86506ff1fe0a4d28e860696298bcbebc4095840587aa7f3a8ed452b514dac,manuscript_development,,"not included: manuscript drafts, reviewer correspondence, EndNote data, figures duplicated elsewhere, or temporary Office files"
Article/general/final/My EndNote Library.Data/sdb/pdb.eni,16384,e6a8290981577645268d88a94fe93337efd5366e63edd1b01c52981303662189,manuscript_development,,"not included: manuscript drafts, reviewer correspondence, EndNote data, figures duplicated elsewhere, or temporary Office files"
Article/general/final/My EndNote Library.Data/sdb/sdb.eni,167936,8421d0ea7b20c81f4dc8a42f4a789661bdfba4a3b02243a6df0271205ca517d4,manuscript_development,,"not included: manuscript drafts, reviewer correspondence, EndNote data, figures duplicated elsewhere, or temporary Office files"
Article/general/final/My EndNote Library.enl,167936,1e0e6bf37dd1b335ec8c3c49af5e9c7cb3d33dca702d5cd90151f25b5db12ae8,manuscript_development,,"not included: manuscript drafts, reviewer correspondence, EndNote data, figures duplicated elsewhere, or temporary Office files"
Article/general/final/revise/A-CLA A Novel Adaptive Cellular Learning Automata Approach for Uncovering Communities in Complex Networks-referbish.docx,2097038,c705945756751f251557ef06f0974b0f0cfa5de971ab64598685f92ea24d5b83,manuscript_development,,"not included: manuscript drafts, reviewer correspondence, EndNote data, figures duplicated elsewhere, or temporary Office files"
Article/general/final/revise/Response_to_Reviewers (2).docx,43301,7c51eac5126eb089bf5e6a252ae09988d283dfdd094d9a44f9fdcfb2b7fce356,manuscript_development,,"not included: manuscript drafts, reviewer correspondence, EndNote data, figures duplicated elsewhere, or temporary Office files"
Article/general/final/revise/final/A-CLA A Novel Adaptive Cellular Learning Automata Approach for Uncovering Communities in Complex Networks.docx,2469096,f3233f854900ba85e5b3101ad5dc88f3a9b21fc4115acaba3469ed8d0ee69f81,manuscript_development,,"not included: manuscript drafts, reviewer correspondence, EndNote data, figures duplicated elsewhere, or temporary Office files"
Article/general/final/revise/final/My EndNote Library (2025-06-20T083830).Data/sdb/pdb.eni,16384,e6a8290981577645268d88a94fe93337efd5366e63edd1b01c52981303662189,manuscript_development,,"not included: manuscript drafts, reviewer correspondence, EndNote data, figures duplicated elsewhere, or temporary Office files"
Article/general/final/revise/final/My EndNote Library (2025-06-20T083830).Data/sdb/sdb.eni,159744,12e86506ff1fe0a4d28e860696298bcbebc4095840587aa7f3a8ed452b514dac,manuscript_development,,"not included: manuscript drafts, reviewer correspondence, EndNote data, figures duplicated elsewhere, or temporary Office files"
Article/general/final/revise/final/My EndNote Library.Data/sdb/pdb.eni,16384,e6a8290981577645268d88a94fe93337efd5366e63edd1b01c52981303662189,manuscript_development,,"not included: manuscript drafts, reviewer correspondence, EndNote data, figures duplicated elsewhere, or temporary Office files"
Article/general/final/revise/final/My EndNote Library.Data/sdb/sdb.eni,184320,2713cd400f2279c7572e7283bc2c620cbce473793aa48954e56f8f1cae9969bc,manuscript_development,,"not included: manuscript drafts, reviewer correspondence, EndNote data, figures duplicated elsewhere, or temporary Office files"
Article/general/final/revise/final/My EndNote Library.enl,184320,8fda325b3097d3b8289bf8f5c4bc63ca1801cb7e79ba2affb23c8ea3896ad5ec,manuscript_development,,"not included: manuscript drafts, reviewer correspondence, EndNote data, figures duplicated elsewhere, or temporary Office files"
Article/general/final/revise/final/revise/A-CLA A Novel Adaptive Cellular Learning Automata Approach for Uncovering Communities in Complex Networks (R2).docx,2653626,ba918dfd6fea4eaf192db442672dfbfd167e57f115915751e2376e8526d5b530,manuscript_development,,"not included: manuscript drafts, reviewer correspondence, EndNote data, figures duplicated elsewhere, or temporary Office files"
Article/general/final/revise/final/revise/A-CLA A Novel Adaptive Cellular Learning Automata Approach for Uncovering Communities in Complex Networks (R3).docx,2419655,028f0765adbc9af1a8529b573308321b52de53bb68d99046f1694be386f96795,manuscript_development,,"not included: manuscript drafts, reviewer correspondence, EndNote data, figures duplicated elsewhere, or temporary Office files"
Article/general/final/revise/final/revise/A-CLA A Novel Adaptive Cellular Learning Automata Approach for Uncovering Communities in Complex Networks (R4).docx,2420254,e0f4fb01c70d17b2003304fecb80eedfd378d2b165a04984d88c6cc98b972ee5,manuscript_development,,"not included: manuscript drafts, reviewer correspondence, EndNote data, figures duplicated elsewhere, or temporary Office files"
Article/general/final/revise/final/revise/A-CLA A Novel Adaptive Cellular Learning Automata Approach for Uncovering Communities in Complex Networks - refine (01).docx,2647906,2393d0bf2ad9b4076371638ced04f8fe4a9a853cea5b53fda7a554820c38b681,manuscript_development,,"not included: manuscript drafts, reviewer correspondence, EndNote data, figures duplicated elsewhere, or temporary Office files"
Article/general/final/revise/final/revise/A-CLA-CODES/Eadge density & Betweenness centrality/A-CLA.02.02.ED.BC.py,4919,40cded7110f25a8b42f942acad7ced5dcdf6258248897abeec996e03d9e14920,python,,duplicate code copy embedded in manuscript-revision directory; canonical copy preserved under legacy/submission_code
Article/general/final/revise/final/revise/A-CLA-CODES/F1-Score/A-CLA.02.04.01.F1.py,3476,c06f98721c8cf5dac1129ab435afcec3d0a1f99ce39c4984f1147df7fd2d59ca,python,,duplicate code copy embedded in manuscript-revision directory; canonical copy preserved under legacy/submission_code
Article/general/final/revise/final/revise/A-CLA-CODES/Modularity/A-CLA.02.01.Modularity.py,9252,ee3c3b735ba6593d5a6af155e599403e697f498b290dc75a39ff0e3ab90b07de,python,,duplicate code copy embedded in manuscript-revision directory; canonical copy preserved under legacy/submission_code
Article/general/final/revise/final/revise/A-CLA-CODES/NMI/A-CLA.02.03.02.NMI.py,4700,709699c8798bd576a3398f18b0b46a279d02aa3d95810f427615a2efd35eb744,python,,duplicate code copy embedded in manuscript-revision directory; canonical copy preserved under legacy/submission_code
"Article/general/final/revise/final/revise/A-CLA-CODES/NMI/A-CLA.02.03.NMI,GN.py",3818,6b0be2fb2689272df0054e43e578a6f3e4d3c4bd4a3b9440c2986eacf7a0ec6b,python,,duplicate code copy embedded in manuscript-revision directory; canonical copy preserved under legacy/submission_code
Article/general/final/revise/final/revise/A-CLA-CODES/NMI/A-CLA.02.03.NMI.LE.py,3744,88fa797cfb19248d468ba66139119e7027045498921e91f8286bb71ee0f3567f,python,,duplicate code copy embedded in manuscript-revision directory; canonical copy preserved under legacy/submission_code
Article/general/final/revise/final/revise/A-CLA-CODES/NMI/A-CLA.02.03.NMI.LP.py,3674,01dc122afe781b1912fc7892b6bdcc72e43de67d54a5a069d234702663792c33,python,,duplicate code copy embedded in manuscript-revision directory; canonical copy preserved under legacy/submission_code
Article/general/final/revise/final/revise/A-CLA-CODES/NMI/A-CLA.02.03.NMI.louvain.py,5084,5cb3efa968acea4190eeb474168cfb3b314a3c38651491f4960d18930adb9518,python,,duplicate code copy embedded in manuscript-revision directory; canonical copy preserved under legacy/submission_code
Article/general/final/revise/final/revise/A-CLA-CODES/Overlapp/overlap_statistic S A_01_01.py,4875,792c10373b42f3b05f8155f1b8313a86a33ab58b71bbd3b73e85a39061cd77e7,python,,duplicate code copy embedded in manuscript-revision directory; canonical copy preserved under legacy/submission_code
Article/general/final/revise/final/revise/A-CLA-CODES/SD & ANOVA/Modularity ANOVA & SD/ST_ANOVA_M_01_01.py,2518,3e3a44eb15e987a7a7aeabcaec49c31aeaa1a9752dea235309995eafa168afee,python,,duplicate code copy embedded in manuscript-revision directory; canonical copy preserved under legacy/submission_code
Article/general/final/revise/final/revise/A-CLA-CODES/SD & ANOVA/Overlapping ANOVA & SD/ANOVA_overlap_01_01.py,5010,cd2d6bb074b0b3763f858388ef4ebee4abf4efca5c817e152d3c6e36b257f740,python,,duplicate code copy embedded in manuscript-revision directory; canonical copy preserved under legacy/submission_code
Article/general/final/revise/final/revise/A-CLA-CODES/SD & ANOVA/Overlapping ANOVA & SD/ST_ANOVA_OVER_01_01.py,2467,c63a42ed37f719a165289ac2e19ea9124601ebe8f6404a9134b189609749c391,python,,duplicate code copy embedded in manuscript-revision directory; canonical copy preserved under legacy/submission_code
Article/general/final/revise/final/revise/A-CLA-CODES/SD & ANOVA/Overlapping ANOVA & SD/overlap_statistic S A_01_01.py,4875,792c10373b42f3b05f8155f1b8313a86a33ab58b71bbd3b73e85a39061cd77e7,python,,duplicate code copy embedded in manuscript-revision directory; canonical copy preserved under legacy/submission_code
Article/general/final/revise/final/revise/Response_to_Reviewers(R2).docx,30767,26f50310b282888927e20a72778510618f7c3e84fcfd7366b645b595d711f257,manuscript_development,,"not included: manuscript drafts, reviewer correspondence, EndNote data, figures duplicated elsewhere, or temporary Office files"
Article/general/final/revise/final/revise/Response_to_Reviewers.docx,53495,25c0704a140184786a1cedbfc257a0429642b86d5e64ba95d7b535afb90df7b8,manuscript_development,,"not included: manuscript drafts, reviewer correspondence, EndNote data, figures duplicated elsewhere, or temporary Office files"
Article/general/final/revise/final/revise/Response_to_Reviewers_(R3).docx,29685,0e4e3a1a5b10aa6e3bc142f6bc0661728be91f38fa0b8dd09598d59d93892b9d,manuscript_development,,"not included: manuscript drafts, reviewer correspondence, EndNote data, figures duplicated elsewhere, or temporary Office files"
Article/general/final/revise/final/revise/Response_to_Reviewers_(R4).docx,14863,4d2a1f1fdee7308cc38f673976cd191c7a706ece2fabc4ab32d28a43ad87c739,manuscript_development,,"not included: manuscript drafts, reviewer correspondence, EndNote data, figures duplicated elsewhere, or temporary Office files"
Article/general/final/revise/final/revise/~$CLA A Novel Adaptive Cellular Learning Automata Approach for Uncovering Communities in Complex Networks.docx,162,0ac5eb929b83a4b78202edb1383e32df137bacc7e76e6de63430c7fd9b0e238a,manuscript_development,,"not included: manuscript drafts, reviewer correspondence, EndNote data, figures duplicated elsewhere, or temporary Office files"
Article/general/final/revise/final/revise/~$sponse_to_Reviewers (2).docx,162,210d6ef0c1665f78136ea3cceb53cd7a3e612c0bded5d44c8730ffa7d3f73142,manuscript_development,,"not included: manuscript drafts, reviewer correspondence, EndNote data, figures duplicated elsewhere, or temporary Office files"
Article/general/final/revise/final/revise/~WRL0063.tmp,2470204,d3fe3a653868e7982152164155bbbbf10be83b47db90c4722bf6fd04387cfe00,manuscript_development,,"not included: manuscript drafts, reviewer correspondence, EndNote data, figures duplicated elsewhere, or temporary Office files"
Article/general/final/revise/final/revise/~WRL1703.tmp,43301,7c51eac5126eb089bf5e6a252ae09988d283dfdd094d9a44f9fdcfb2b7fce356,manuscript_development,,"not included: manuscript drafts, reviewer correspondence, EndNote data, figures duplicated elsewhere, or temporary Office files"
Article/general/final/revise/~$CLA A Novel Adaptive Cellular Learning Automata Approach for Uncovering Communities in Complex Networks.docx,162,0ac5eb929b83a4b78202edb1383e32df137bacc7e76e6de63430c7fd9b0e238a,manuscript_development,,"not included: manuscript drafts, reviewer correspondence, EndNote data, figures duplicated elsewhere, or temporary Office files"
Article/general/final/revise/~WRL0063.tmp,2470204,d3fe3a653868e7982152164155bbbbf10be83b47db90c4722bf6fd04387cfe00,manuscript_development,,"not included: manuscript drafts, reviewer correspondence, EndNote data, figures duplicated elsewhere, or temporary Office files"
Article/general/goals.docx,14733,a19758839eb021aa9f7fd2437d23509b7c324adbb17fa0969033232393c9c179,manuscript_development,,"not included: manuscript drafts, reviewer correspondence, EndNote data, figures duplicated elsewhere, or temporary Office files"
Article/general/karate-overlap.png,65965,54e1edc7dca1d75a266ece821bf714bddb4816a6d9bd04f23ad94ca875586bb1,manuscript_development,,"not included: manuscript drafts, reviewer correspondence, EndNote data, figures duplicated elsewhere, or temporary Office files"
Code/A-CLA.01.01.py,3536,40c856ef99bc5759d83dafe2c519dbef5aeed0fac6ba5756137d7f1f7c8614a1,python,legacy/code_archive/A-CLA.01.01.py,
Code/A-CLA.01.02.py,4770,689add5d195b9beabeb4472f531a470daf7dea2071494dcff1e41b688cf1261c,python,legacy/code_archive/A-CLA.01.02.py,
Code/A-CLA.02.01.Modularity.py,1890,7ebca4d1d13f77b6048ce084d1838d4520c4413bfb254848833652d418287bd6,python,legacy/code_archive/A-CLA.02.01.Modularity.py,
Code/A-CLA.02.02.ED.BC.py,4919,40cded7110f25a8b42f942acad7ced5dcdf6258248897abeec996e03d9e14920,python,legacy/code_archive/A-CLA.02.02.ED.BC.py,
Code/A-CLA.02.03.02.NMI.py,4703,020fbea7a2aff4e68c726fe6e78856d03b9f284f5dff169f4a32296af4918edd,python,legacy/code_archive/A-CLA.02.03.02.NMI.py,
"Code/A-CLA.02.03.NMI,GN.py",3818,6b0be2fb2689272df0054e43e578a6f3e4d3c4bd4a3b9440c2986eacf7a0ec6b,python,"legacy/code_archive/A-CLA.02.03.NMI,GN.py",
Code/A-CLA.02.03.NMI.LE.py,3744,88fa797cfb19248d468ba66139119e7027045498921e91f8286bb71ee0f3567f,python,legacy/code_archive/A-CLA.02.03.NMI.LE.py,
Code/A-CLA.02.03.NMI.LP.py,3674,01dc122afe781b1912fc7892b6bdcc72e43de67d54a5a069d234702663792c33,python,legacy/code_archive/A-CLA.02.03.NMI.LP.py,
Code/A-CLA.02.03.NMI.louvain.py,5089,6dc0ecd2be31a06998361076a5c4c7fdbc88ecedc8c8913286217635bfb7191b,python,legacy/code_archive/A-CLA.02.03.NMI.louvain.py,
Code/A-CLA.02.04.01.F1.py,3476,c06f98721c8cf5dac1129ab435afcec3d0a1f99ce39c4984f1147df7fd2d59ca,python,legacy/code_archive/A-CLA.02.04.01.F1.py,
Code/CD.py,0,e3b0c44298fc1c149afbf4c8996fb92427ae41e4649b934ca495991b7852b855,python,legacy/code_archive/CD.py,
Code/Datasets/Dolphine.DataSet.xlsx,14318,863d9f1cf44e1e8d483a1edd395950356d6732687c4bcb00251f86d0ed4ddd89,network_table,data/network_tables/Dolphine.DataSet.xlsx,
Code/Datasets/Zacharay Karate Kid.xlsx,9238,454c8b4d6c6a6c9bd0c73c4685da1e18223713bc7e3cd71d12b3b14bc6491f39,network_table,data/network_tables/Zacharay Karate Kid.xlsx,
Code/Datasets/candida_genetic.xlsx,26569,e713d849ac525b415597c4693e16e3a2dbd3f63c63233854593451f5253975c8,network_table,data/network_tables/candida_genetic.xlsx,
Code/Datasets/celegans.xlsx,90337,f42640c1fe1bd5e5ccfbb6ecc82706fcdb60c32df428587ecbd2745a24d380f4,network_table,data/network_tables/celegans.xlsx,
Code/Datasets/danioRerio.xlsx,18342,16802caa07c50265c3e91dde3f6db235519c164c4a57dc9dac13b973b83f9c26,network_table,data/network_tables/danioRerio.xlsx,
Code/Datasets/diseasome.xlsx,193920,094263bf95dc8535f28c3178b68d30ec7191360a367bad2f1dba014db31c962f,network_table,data/network_tables/diseasome.xlsx,
Code/Datasets/lesmiserables.xlsx,19377,e4a6d7dccaa8f1ec8c103201194fc64dd4d2694a699bc6d9d41992bbd58b0451,network_table,data/network_tables/lesmiserables.xlsx,
Code/Datasets/netscience.xlsx,90056,3c6732e396dc45ba167b200867806364cff6ebb59f5fc076c48a10d78d47ddf3,network_table,data/network_tables/netscience.xlsx,
Code/Datasets/yeast.xlsx,310548,93508441914c2b8be423d28c0b0523f09c0e1a9c6679ca813eb8c9caccfc97c2,network_table,data/network_tables/yeast.xlsx,
Code/Dolphine.DataSet.xlsx,14318,863d9f1cf44e1e8d483a1edd395950356d6732687c4bcb00251f86d0ed4ddd89,duplicate_or_source_data,,historical duplicate/source workbook; canonical matrices/tables/results are centralized elsewhere in the reconstructed repository
Code/NMI-10-iter.xlsx,8994,6a22dd4220048987ea5561f255b64cd60b739fbd6b40cca1ca9d6b62551166d5,duplicate_or_source_data,,historical duplicate/source workbook; canonical matrices/tables/results are centralized elsewhere in the reconstructed repository
Code/Overlap/A-CLA_refin_01_01.py,14490,61958c7bf5140a3af55eff0eeb0f55ff0b7178fedb74529924cfbf37ce99e395,python,legacy/code_archive/Overlap/A-CLA_refin_01_01.py,
Code/Overlap/OVERLAPP-Communities.xlsx,9062,6dbd6556573fe714d5f7fa98b18d962f21994233cf9378e5b9c68f9f1be44622,duplicate_or_source_data,,historical duplicate/source workbook; canonical matrices/tables/results are centralized elsewhere in the reconstructed repository
Code/Overlap/OVERLAPPING-nodes.xlsx,9335,2ef2a38796d96e10dd7cfeb6f6ff67db78407c31db5c85c99d4af5f95e23c833,duplicate_or_source_data,,historical duplicate/source workbook; canonical matrices/tables/results are centralized elsewhere in the reconstructed repository
Code/Overlap/__pycache__/A-CLA_refin_01_01.cpython-312.pyc,18191,eb5305139350cd5a749a10aa69b6ed86b37736cddb6d4d2d4819aa028b187cff,compiled_python,,not included; generated bytecode
Code/Overlap/adjacency_matrix_BoS_output.xlsx,239952,dbb03a7580927fb9408556c408314bad0bce4b4bdf7b31445aa69584ce11a557,duplicate_or_source_data,,historical duplicate/source workbook; canonical matrices/tables/results are centralized elsewhere in the reconstructed repository
Code/Overlap/adjacency_matrix_C.elegans_output.xlsx,206097,68df81cb6768b3ef59986a49c0266b1bbf378f47bb57fe40ceec07cd8f311015,duplicate_or_source_data,,historical duplicate/source workbook; canonical matrices/tables/results are centralized elsewhere in the reconstructed repository
Code/Overlap/adjacency_matrix_Candida_output.xlsx,304698,b6803fcd10a0ecb2e5edff93b1647dcd8a21506446a7798b345863b40360cec3,duplicate_or_source_data,,historical duplicate/source workbook; canonical matrices/tables/results are centralized elsewhere in the reconstructed repository
Code/Overlap/adjacency_matrix_DanioRerio_output.xlsx,58245,1e50b6e09bf1c4239088bef09e074a471989c5e46dc14f288bc5bc2165f298db,duplicate_or_source_data,,historical duplicate/source workbook; canonical matrices/tables/results are centralized elsewhere in the reconstructed repository
Code/Overlap/adjacency_matrix_Diseasome_output.xlsx,5144888,f2f05c3dec3f6e1bbc806037bff1417d6918ef75f7117e229c4519162ae2666f,duplicate_or_source_data,,historical duplicate/source workbook; canonical matrices/tables/results are centralized elsewhere in the reconstructed repository
Code/Overlap/adjacency_matrix_Dolphin_output.xlsx,14352,e59a108973dc91268aeff10643a271025a0d238736c4ceddb74082be0d263963,duplicate_or_source_data,,historical duplicate/source workbook; canonical matrices/tables/results are centralized elsewhere in the reconstructed repository
Code/Overlap/adjacency_matrix_karate_output.xlsx,7303,d00cb85767ea2382b2387b2e3d9f562a4f721e883ca79b2aea301a4b9b824cf3,duplicate_or_source_data,,historical duplicate/source workbook; canonical matrices/tables/results are centralized elsewhere in the reconstructed repository
Code/Overlap/adjacency_matrix_lesmisrable_output.xlsx,18863,41c19500e4f56da104d99c6944729ff46a1abb7ab6a072970061daf85051dd39,duplicate_or_source_data,,historical duplicate/source workbook; canonical matrices/tables/results are centralized elsewhere in the reconstructed repository
Code/Overlap/adjacency_matrix_netscience_output.xlsx,5459530,c094a8b3d444bca3d817f33809dbe3036eb46436a7a4f4a4fc729cab702bbc5c,duplicate_or_source_data,,historical duplicate/source workbook; canonical matrices/tables/results are centralized elsewhere in the reconstructed repository
Code/Overlap/adjacency_matrix_yeast_output.xlsx,14405585,082294b8c32210fb36ddd5d19ccd7d48a19355b236a9c7ee19157d59f1ed0409,duplicate_or_source_data,,historical duplicate/source workbook; canonical matrices/tables/results are centralized elsewhere in the reconstructed repository
Code/Overlap/celegans.xlsx,90337,f42640c1fe1bd5e5ccfbb6ecc82706fcdb60c32df428587ecbd2745a24d380f4,duplicate_or_source_data,,historical duplicate/source workbook; canonical matrices/tables/results are centralized elsewhere in the reconstructed repository
Code/Overlap/charts.py,1712,47239a7caa859e1354d8c11966cb8427b66e62d96e35d834d3b43cce0bf162eb,python,legacy/code_archive/Overlap/charts.py,
Code/Overlap/diseasome.xlsx,193920,094263bf95dc8535f28c3178b68d30ec7191360a367bad2f1dba014db31c962f,duplicate_or_source_data,,historical duplicate/source workbook; canonical matrices/tables/results are centralized elsewhere in the reconstructed repository
Code/Overlap/netscience.xlsx,90056,3c6732e396dc45ba167b200867806364cff6ebb59f5fc076c48a10d78d47ddf3,duplicate_or_source_data,,historical duplicate/source workbook; canonical matrices/tables/results are centralized elsewhere in the reconstructed repository
Code/Overlap/overlap.01.02.py,496,bb1fb85abdae3660405dc01127fc77d659129eb2f76d4b8670304a9f5e95fe47,python,legacy/code_archive/Overlap/overlap.01.02.py,
Code/Overlap/overlap.01.03.py,2323,f1806b66651aad49534f075d5787100fb3546dfeebf9937a526b583df2c7093e,python,legacy/code_archive/Overlap/overlap.01.03.py,
Code/Overlap/overlap.01.04.02.louvain.py,1406,18bdcc04082fdd55092a25c6dbb232bbade460e1b78a8d0a8757b9fc05d64643,python,legacy/code_archive/Overlap/overlap.01.04.02.louvain.py,
Code/Overlap/overlap.01.04.louvain.py,1361,9508bf4e13f4248a4d746ce5e13f30df84b8bb37d083d505d9de762c041f7b21,python,legacy/code_archive/Overlap/overlap.01.04.louvain.py,
Code/Overlap/overlap.01.05.02.GN.py,1733,7a02e8802b9a08aebb15222ebf547802f2dc7b3112f6ad41b88d3caad3bdf3bb,python,legacy/code_archive/Overlap/overlap.01.05.02.GN.py,
Code/Overlap/overlap.01.05.GN.py,1391,00d25d5fa975f2cac541e2722176b462508437272f1fb76e1e3edec96df25b43,python,legacy/code_archive/Overlap/overlap.01.05.GN.py,
Code/Overlap/overlap.01.06.py,3262,af87d8cf7656720d770655e6476dd9bc4918fa4b6f773541936138ae5dc9d915,python,legacy/code_archive/Overlap/overlap.01.06.py,
"Code/Overlap/overlapp.01,01.py",1954,c274370bc5cdae44786c94ef00d9542dbac72dc9546326e63cfe17cdc96dd978,python,"legacy/code_archive/Overlap/overlapp.01,01.py",
Code/Overlap/overlapp.02.03.A-CLA.py,3728,d2ead3c00b28d2445708149594c7a5af1f76f01041ba2d191a7fdad94463766b,python,legacy/code_archive/Overlap/overlapp.02.03.A-CLA.py,
Code/Overlap/overlapp.03.01.A-CLA.py,3444,bd388ea60cf736c4d46c099157ffc273880800f3a8db06f5f560c1747f4b2d9d,python,legacy/code_archive/Overlap/overlapp.03.01.A-CLA.py,
Code/Overlap/yeast.xlsx,310548,93508441914c2b8be423d28c0b0523f09c0e1a9c6679ca813eb8c9caccfc97c2,duplicate_or_source_data,,historical duplicate/source workbook; canonical matrices/tables/results are centralized elsewhere in the reconstructed repository
Code/Zacharay Karate Kid.xlsx,9238,454c8b4d6c6a6c9bd0c73c4685da1e18223713bc7e3cd71d12b3b14bc6491f39,duplicate_or_source_data,,historical duplicate/source workbook; canonical matrices/tables/results are centralized elsewhere in the reconstructed repository
Code/adjacency/adjacency_matrix_BoS_output.xlsx,239952,dbb03a7580927fb9408556c408314bad0bce4b4bdf7b31445aa69584ce11a557,adjacency_matrix,data/adjacency_matrices/adjacency_matrix_BoS_output.xlsx,
Code/adjacency/adjacency_matrix_C.elegans-Genetic_output.xlsx,39288684,f677231ba5e6fb0bd599c6bd6f4a062e4b01054556093a1ee19327dfc1dbbb26,adjacency_matrix,data/adjacency_matrices/adjacency_matrix_C.elegans-Genetic_output.xlsx,
Code/adjacency/adjacency_matrix_C.elegans_output.xlsx,206097,68df81cb6768b3ef59986a49c0266b1bbf378f47bb57fe40ceec07cd8f311015,adjacency_matrix,data/adjacency_matrices/adjacency_matrix_C.elegans_output.xlsx,
Code/adjacency/adjacency_matrix_Candida_output.xlsx,304698,b6803fcd10a0ecb2e5edff93b1647dcd8a21506446a7798b345863b40360cec3,adjacency_matrix,data/adjacency_matrices/adjacency_matrix_Candida_output.xlsx,
Code/adjacency/adjacency_matrix_DanioRerio_output.xlsx,58245,1e50b6e09bf1c4239088bef09e074a471989c5e46dc14f288bc5bc2165f298db,adjacency_matrix,data/adjacency_matrices/adjacency_matrix_DanioRerio_output.xlsx,
Code/adjacency/adjacency_matrix_Diseasome_output.xlsx,5144888,f2f05c3dec3f6e1bbc806037bff1417d6918ef75f7117e229c4519162ae2666f,adjacency_matrix,data/adjacency_matrices/adjacency_matrix_Diseasome_output.xlsx,
Code/adjacency/adjacency_matrix_Dolphin_output.xlsx,14352,e59a108973dc91268aeff10643a271025a0d238736c4ceddb74082be0d263963,adjacency_matrix,data/adjacency_matrices/adjacency_matrix_Dolphin_output.xlsx,
Code/adjacency/adjacency_matrix_HepatitC_output.xlsx,29361,885453de084f6e276d09c7c4a86e98c14d232c86db5af97e80fc255e15fc12fc,adjacency_matrix,data/adjacency_matrices/adjacency_matrix_HepatitC_output.xlsx,
Code/adjacency/adjacency_matrix_Jazz_output.xlsx,96677,ce57354fe4e3d0c93df628fdc680402b208e3bb59d56861a21902a9f34cb8632,adjacency_matrix,data/adjacency_matrices/adjacency_matrix_Jazz_output.xlsx,
Code/adjacency/adjacency_matrix_hi-tech_output.xlsx,7951,89436b0330b85014e839788dbc0bab1123086aab4cdc7c5854fdb418837c289e,adjacency_matrix,data/adjacency_matrices/adjacency_matrix_hi-tech_output.xlsx,
Code/adjacency/adjacency_matrix_karate_output.xlsx,7303,d00cb85767ea2382b2387b2e3d9f562a4f721e883ca79b2aea301a4b9b824cf3,adjacency_matrix,data/adjacency_matrices/adjacency_matrix_karate_output.xlsx,
Code/adjacency/adjacency_matrix_lesmisrable_output.xlsx,18863,41c19500e4f56da104d99c6944729ff46a1abb7ab6a072970061daf85051dd39,adjacency_matrix,data/adjacency_matrices/adjacency_matrix_lesmisrable_output.xlsx,
Code/adjacency/adjacency_matrix_netscience_output.xlsx,5459530,c094a8b3d444bca3d817f33809dbe3036eb46436a7a4f4a4fc729cab702bbc5c,adjacency_matrix,data/adjacency_matrices/adjacency_matrix_netscience_output.xlsx,
Code/adjacency/adjacency_matrix_polbook_output.xlsx,30568,91a50ef3b90df642247433b2728095fa9deed7d856f65c9f92ccc2742b9bb03d,adjacency_matrix,data/adjacency_matrices/adjacency_matrix_polbook_output.xlsx,
Code/adjacency/adjacency_matrix_yeast_output.xlsx,14405585,082294b8c32210fb36ddd5d19ccd7d48a19355b236a9c7ee19157d59f1ed0409,adjacency_matrix,data/adjacency_matrices/adjacency_matrix_yeast_output.xlsx,
Code/adjacency_matrix_Dolphin_output.xlsx,14352,e59a108973dc91268aeff10643a271025a0d238736c4ceddb74082be0d263963,duplicate_or_source_data,,historical duplicate/source workbook; canonical matrices/tables/results are centralized elsewhere in the reconstructed repository
Code/adjacency_matrix_netscience_output.xlsx,5459530,c094a8b3d444bca3d817f33809dbe3036eb46436a7a4f4a4fc729cab702bbc5c,duplicate_or_source_data,,historical duplicate/source workbook; canonical matrices/tables/results are centralized elsewhere in the reconstructed repository
Code/candida_genetic.xlsx,26569,e713d849ac525b415597c4693e16e3a2dbd3f63c63233854593451f5253975c8,duplicate_or_source_data,,historical duplicate/source workbook; canonical matrices/tables/results are centralized elsewhere in the reconstructed repository
Code/celegans.xlsx,90337,f42640c1fe1bd5e5ccfbb6ecc82706fcdb60c32df428587ecbd2745a24d380f4,duplicate_or_source_data,,historical duplicate/source workbook; canonical matrices/tables/results are centralized elsewhere in the reconstructed repository
Code/commounities and overlapping/Zacharay Karate Kid.xlsx,9238,454c8b4d6c6a6c9bd0c73c4685da1e18223713bc7e3cd71d12b3b14bc6491f39,duplicate_or_source_data,,historical duplicate/source workbook; canonical matrices/tables/results are centralized elsewhere in the reconstructed repository
Code/commounities and overlapping/adjacency_matrix_C.elegans_output.xlsx,206097,68df81cb6768b3ef59986a49c0266b1bbf378f47bb57fe40ceec07cd8f311015,duplicate_or_source_data,,historical duplicate/source workbook; canonical matrices/tables/results are centralized elsewhere in the reconstructed repository
Code/commounities and overlapping/adjacency_matrix_Diseasome_output.xlsx,5144888,f2f05c3dec3f6e1bbc806037bff1417d6918ef75f7117e229c4519162ae2666f,duplicate_or_source_data,,historical duplicate/source workbook; canonical matrices/tables/results are centralized elsewhere in the reconstructed repository
Code/commounities and overlapping/adjacency_matrix_Dolphin_output.xlsx,14352,e59a108973dc91268aeff10643a271025a0d238736c4ceddb74082be0d263963,duplicate_or_source_data,,historical duplicate/source workbook; canonical matrices/tables/results are centralized elsewhere in the reconstructed repository
Code/commounities and overlapping/adjacency_matrix_karate_output.xlsx,7303,d00cb85767ea2382b2387b2e3d9f562a4f721e883ca79b2aea301a4b9b824cf3,duplicate_or_source_data,,historical duplicate/source workbook; canonical matrices/tables/results are centralized elsewhere in the reconstructed repository
Code/commounities and overlapping/adjacency_matrix_lesmisrable_output.xlsx,18863,41c19500e4f56da104d99c6944729ff46a1abb7ab6a072970061daf85051dd39,duplicate_or_source_data,,historical duplicate/source workbook; canonical matrices/tables/results are centralized elsewhere in the reconstructed repository
Code/commounities and overlapping/adjacency_matrix_netscience_output.xlsx,5459530,c094a8b3d444bca3d817f33809dbe3036eb46436a7a4f4a4fc729cab702bbc5c,duplicate_or_source_data,,historical duplicate/source workbook; canonical matrices/tables/results are centralized elsewhere in the reconstructed repository
Code/commounities and overlapping/adjacency_matrix_yeast_output.xlsx,14405585,082294b8c32210fb36ddd5d19ccd7d48a19355b236a9c7ee19157d59f1ed0409,duplicate_or_source_data,,historical duplicate/source workbook; canonical matrices/tables/results are centralized elsewhere in the reconstructed repository
Code/commounities and overlapping/diseasome.xlsx,193920,094263bf95dc8535f28c3178b68d30ec7191360a367bad2f1dba014db31c962f,duplicate_or_source_data,,historical duplicate/source workbook; canonical matrices/tables/results are centralized elsewhere in the reconstructed repository
Code/commounities and overlapping/louvain-overlapp.01.01.py,2848,d4930ab04002bf7871a0564399c4b3e65135f7ec527ac3ff19840a95165d513e,python,legacy/code_archive/commounities and overlapping/louvain-overlapp.01.01.py,
Code/commounities and overlapping/overlapping communities and thier nodes.xlsx,18912,de2dbe29497febf2ce662d654db10b1c02a6b4e59d0658d3d2302b2201897fdf,duplicate_or_source_data,,historical duplicate/source workbook; canonical matrices/tables/results are centralized elsewhere in the reconstructed repository
"Code/commounities and overlapping/overlapping,C,N-01.01-A-CLA.py",2326,3b42187a3a0eaa5685563c5961c5b1f33bf63e3917dc5834c29ce015b606078e,python,"legacy/code_archive/commounities and overlapping/overlapping,C,N-01.01-A-CLA.py",
"Code/commounities and overlapping/overlapping,C,N-01.01-GN.py",1922,d1ccba96c6a70e057a4cc8b912c2c6a7b771ca1d2c9a3a1849c4e62fc25c7305,python,"legacy/code_archive/commounities and overlapping/overlapping,C,N-01.01-GN.py",
"Code/commounities and overlapping/overlapping,C,N-01.01-louvain.py",1786,2ee96f70ad58a655eec63d25264347cbd7ab9c128c8cc729a074c414ae4fcaa9,python,"legacy/code_archive/commounities and overlapping/overlapping,C,N-01.01-louvain.py",
Code/commounities and overlapping/overlapping_communities_A_CLA.xlsx,4975,4aa39ed3401e706f31c3c348f2357b6c31cca747531b8761c4c92fb12ce2e3ac,duplicate_or_source_data,,historical duplicate/source workbook; canonical matrices/tables/results are centralized elsewhere in the reconstructed repository
Code/commounities and overlapping/overlapping_communities_Louvain.xlsx,5352,ac4c4ffb5175fb9f85df504592357d6ab6ac9ab71876c513d4bb45cd15ce9c9e,duplicate_or_source_data,,historical duplicate/source workbook; canonical matrices/tables/results are centralized elsewhere in the reconstructed repository
Code/commounities and overlapping/overlapping_communities_gn.xlsx,5023,c54aae0129cd3faa035b1de59352036b376649468226cb4695f11ac6c76da2b2,duplicate_or_source_data,,historical duplicate/source workbook; canonical matrices/tables/results are centralized elsewhere in the reconstructed repository
Code/danioRerio.xlsx,18342,16802caa07c50265c3e91dde3f6db235519c164c4a57dc9dac13b973b83f9c26,duplicate_or_source_data,,historical duplicate/source workbook; canonical matrices/tables/results are centralized elsewhere in the reconstructed repository
Code/diseasome.xlsx,193920,094263bf95dc8535f28c3178b68d30ec7191360a367bad2f1dba014db31c962f,duplicate_or_source_data,,historical duplicate/source workbook; canonical matrices/tables/results are centralized elsewhere in the reconstructed repository
Code/lesmiserables.xlsx,19377,e4a6d7dccaa8f1ec8c103201194fc64dd4d2694a699bc6d9d41992bbd58b0451,duplicate_or_source_data,,historical duplicate/source workbook; canonical matrices/tables/results are centralized elsewhere in the reconstructed repository
Code/netscience.xlsx,90056,3c6732e396dc45ba167b200867806364cff6ebb59f5fc076c48a10d78d47ddf3,duplicate_or_source_data,,historical duplicate/source workbook; canonical matrices/tables/results are centralized elsewhere in the reconstructed repository
Code/yeast.xlsx,310548,93508441914c2b8be423d28c0b0523f09c0e1a9c6679ca813eb8c9caccfc97c2,duplicate_or_source_data,,historical duplicate/source workbook; canonical matrices/tables/results are centralized elsewhere in the reconstructed repository
Datasaets/celegans.xlsx,90337,f42640c1fe1bd5e5ccfbb6ecc82706fcdb60c32df428587ecbd2745a24d380f4,duplicate_or_source_data,,historical duplicate/source workbook; canonical matrices/tables/results are centralized elsewhere in the reconstructed repository
Datasaets/diseasome.xlsx,193920,094263bf95dc8535f28c3178b68d30ec7191360a367bad2f1dba014db31c962f,duplicate_or_source_data,,historical duplicate/source workbook; canonical matrices/tables/results are centralized elsewhere in the reconstructed repository
Datasaets/netscience.xlsx,90056,3c6732e396dc45ba167b200867806364cff6ebb59f5fc076c48a10d78d47ddf3,duplicate_or_source_data,,historical duplicate/source workbook; canonical matrices/tables/results are centralized elsewhere in the reconstructed repository
Datasaets/yeast.xlsx,310548,93508441914c2b8be423d28c0b0523f09c0e1a9c6679ca813eb8c9caccfc97c2,duplicate_or_source_data,,historical duplicate/source workbook; canonical matrices/tables/results are centralized elsewhere in the reconstructed repository
Result/01-Modularit.xlsx,26417,bc45fd6455e464dde6197a21ae23898f3010db9f9b354c80ffb4f1b7b38e7ea2,result,results/reference_archive/original_results/01-Modularit.xlsx,
Result/02-NMI.xlsx,19971,96bedaa97611fdd0a7a462573c98875502f80cf0cafd5967460eb019eff4a310,result,results/reference_archive/original_results/02-NMI.xlsx,
Result/03-F1-Scor.xlsx,21232,89458ffd5ee57f445a1e62658994d98d7bb74eec44bf3cee25c0033790003b51,result,results/reference_archive/original_results/03-F1-Scor.xlsx,
Result/04-Edge Densit.xlsx,20612,94a415aabedfaaf1921502311eb43aa9e33cbca489825708d2289b76958ff006,result,results/reference_archive/original_results/04-Edge Densit.xlsx,
Result/05-Betweenness Centrality.xlsx,10622,ed4f462d1632bef847a1b7e65ec4f536f177881a691eea21397320c026102af9,result,results/reference_archive/original_results/05-Betweenness Centrality.xlsx,
"Result/M,ED,BC.xlsx",9412,f3c3ba0962d4631459daaea315b61bda5f7b995b76ca78998690e55b1cc8e410,result,"results/reference_archive/original_results/M,ED,BC.xlsx",
Result/New Microsoft Word Document.docx,129934,817aa198c87aa495ce4700c149630c68d4c8e3bd1e272c531f48fbbd369e9841,result,results/reference_archive/original_results/New Microsoft Word Document.docx,
Result/OVERLAPP-Communities.xlsx,19900,bf1c1f97837f8f729bcd611a631fc156d8721902e4107a3121df96e4cd268143,result,results/reference_archive/original_results/OVERLAPP-Communities.xlsx,
Result/OVERLAPPING-nodes.xlsx,9335,2ef2a38796d96e10dd7cfeb6f6ff67db78407c31db5c85c99d4af5f95e23c833,result,results/reference_archive/original_results/OVERLAPPING-nodes.xlsx,
refining code/Convergence_Data_for_CLA_Variants.csv,437,25721bc5410496b69667e75a8b32e015378fb58231994051204d35e958638046,refinement_root_output,results/reference_archive/refinement_root/Convergence_Data_for_CLA_Variants.csv,
refining code/Modularity/A-CLA.02.01.Modularity.py,9252,ee3c3b735ba6593d5a6af155e599403e697f498b290dc75a39ff0e3ab90b07de,python,legacy/refinement_scripts/Modularity/A-CLA.02.01.Modularity.py,
refining code/Modularity/LE_modularity_01_01.py,2843,877b0c11e52ecf5229c33a72bfd88d20e727032a8b1ba37b9211f910c1fa0fbf,python,legacy/refinement_scripts/Modularity/LE_modularity_01_01.py,
refining code/Modularity/Liden_modularity_01_01.py,3782,533cac344d8d3d95d624f6b440b2291356434850d2792b4670c7caaf8942ace0,python,legacy/refinement_scripts/Modularity/Liden_modularity_01_01.py,
refining code/Modularity/ST_ANOVA_M_01_01.py,2542,6445ada5a2ac06b7c7eeb8883069eefbf03c5a63c3244d13e874ff611ea1f05e,python,legacy/refinement_scripts/Modularity/ST_ANOVA_M_01_01.py,
refining code/Modularity/adjacency_matrix_C.elegans_output.xlsx,206097,68df81cb6768b3ef59986a49c0266b1bbf378f47bb57fe40ceec07cd8f311015,duplicate_or_source_data,,historical duplicate/source workbook; canonical matrices/tables/results are centralized elsewhere in the reconstructed repository
refining code/Modularity/adjacency_matrix_Candida_output.xlsx,304698,b6803fcd10a0ecb2e5edff93b1647dcd8a21506446a7798b345863b40360cec3,duplicate_or_source_data,,historical duplicate/source workbook; canonical matrices/tables/results are centralized elsewhere in the reconstructed repository
refining code/Modularity/adjacency_matrix_DanioRerio_output.xlsx,58245,1e50b6e09bf1c4239088bef09e074a471989c5e46dc14f288bc5bc2165f298db,duplicate_or_source_data,,historical duplicate/source workbook; canonical matrices/tables/results are centralized elsewhere in the reconstructed repository
refining code/Modularity/adjacency_matrix_Diseasome_output.xlsx,5144888,f2f05c3dec3f6e1bbc806037bff1417d6918ef75f7117e229c4519162ae2666f,duplicate_or_source_data,,historical duplicate/source workbook; canonical matrices/tables/results are centralized elsewhere in the reconstructed repository
refining code/Modularity/adjacency_matrix_Dolphin_output.xlsx,14352,e59a108973dc91268aeff10643a271025a0d238736c4ceddb74082be0d263963,duplicate_or_source_data,,historical duplicate/source workbook; canonical matrices/tables/results are centralized elsewhere in the reconstructed repository
refining code/Modularity/adjacency_matrix_karate_output.xlsx,7303,d00cb85767ea2382b2387b2e3d9f562a4f721e883ca79b2aea301a4b9b824cf3,duplicate_or_source_data,,historical duplicate/source workbook; canonical matrices/tables/results are centralized elsewhere in the reconstructed repository
refining code/Modularity/adjacency_matrix_lesmisrable_output.xlsx,18863,41c19500e4f56da104d99c6944729ff46a1abb7ab6a072970061daf85051dd39,duplicate_or_source_data,,historical duplicate/source workbook; canonical matrices/tables/results are centralized elsewhere in the reconstructed repository
refining code/Modularity/adjacency_matrix_netscience_output.xlsx,5459530,c094a8b3d444bca3d817f33809dbe3036eb46436a7a4f4a4fc729cab702bbc5c,duplicate_or_source_data,,historical duplicate/source workbook; canonical matrices/tables/results are centralized elsewhere in the reconstructed repository
refining code/Modularity/adjacency_matrix_yeast_output.xlsx,14405585,082294b8c32210fb36ddd5d19ccd7d48a19355b236a9c7ee19157d59f1ed0409,duplicate_or_source_data,,historical duplicate/source workbook; canonical matrices/tables/results are centralized elsewhere in the reconstructed repository
refining code/Modularity/anova_modularity.xlsx,16913,cc7707fa27958cd275ef4a0d037aba4a9b8dc969f65990bd9f4a5293873af615,refinement_output,results/reference_archive/modularity_refinement/anova_modularity.xlsx,
refining code/Modularity/leiden_modularity_runs.csv,241,801de468520933b6d0932630da129b1bfcb8237c3d90676008b70804bd171283,refinement_output,results/reference_archive/modularity_refinement/leiden_modularity_runs.csv,
refining code/Modularity/modularity_CP_DEMON_SLPA_01_01.py,5642,2245cc74756ee3568e6e47fb29a9780968ac32b4d8262d8e1a45b4e0af1eddb0,python,legacy/refinement_scripts/Modularity/modularity_CP_DEMON_SLPA_01_01.py,
refining code/Modularity/modularity_std.xlsx,22080,5dd84eeb4e077717606c58a9547e33dcf8361649491695e4503c5cb29ff45430,refinement_output,results/reference_archive/modularity_refinement/modularity_std.xlsx,
refining code/Modularity/result.xlsx,11604,32fb1def9dca5542bc481bd8d8592ed86e4a02bd7fc77eda21322e83c8c2b492,refinement_output,results/reference_archive/modularity_refinement/result.xlsx,
refining code/New Microsoft Excel Worksheet.xlsx,21316,b14f10e7589222474df2c6a3871af79da8c38af57dbd532a43ee03254037c51f,refinement_root_output,results/reference_archive/refinement_root/New Microsoft Excel Worksheet.xlsx,
refining code/modularity-compare.xlsx,15371,3568ae19db9b45b00d9b380ff723da08804871c0f28fd859cde3638bf375610f,refinement_root_output,results/reference_archive/refinement_root/modularity-compare.xlsx,
refining code/overlap/ANOVA_overlap_01_01.py,5010,cd2d6bb074b0b3763f858388ef4ebee4abf4efca5c817e152d3c6e36b257f740,python,legacy/refinement_scripts/overlap/ANOVA_overlap_01_01.py,
refining code/overlap/CPM/A-CLA-refin_01_01.py,14496,5dcc98412c6f47c5cd8dad4746b9a1ba78fff3ac2b6ddbd1cc4a00e9492289fd,python,legacy/refinement_scripts/overlap/CPM/A-CLA-refin_01_01.py,
refining code/overlap/CPM/A-CLA-refin_01_02.py,14321,b149b75d919206202dc56c15bfaea318d31bc41bbc6707daf71c9b848539f95f,python,legacy/refinement_scripts/overlap/CPM/A-CLA-refin_01_02.py,
refining code/overlap/CPM/CPM-overlap_01_01.py,3318,7a401ee7bca3e1a8de48ebd81fdf71c8675b682b0e847da398f8180359468e63,python,legacy/refinement_scripts/overlap/CPM/CPM-overlap_01_01.py,
refining code/overlap/CPM/LIDEN_01_01.py,9127,2421d42e55a018d009011788d04c3b5c51d1a5b2424f88894a6854ac6622a815,python,legacy/refinement_scripts/overlap/CPM/LIDEN_01_01.py,
refining code/overlap/CPM/SPLA-DEMON_01_01.py,3663,2ef0a0a2b38ff76a5aadfeafa2737332bbaf836b889c4bea100e7a985f0351d4,python,legacy/refinement_scripts/overlap/CPM/SPLA-DEMON_01_01.py,
refining code/overlap/CPM/SPLA_DEMON_CPM_01_02.py,4320,3677e1465bb138061b901bd782b39bffe357494c75a2b5dd7d91161bd2683f39,python,legacy/refinement_scripts/overlap/CPM/SPLA_DEMON_CPM_01_02.py,
refining code/overlap/CPM/SPLA_DEMON_CPM_01_03.py,5016,353a7806a28e8cee0def059464dca53eaa1f9c074d55d03babdb5006a61dd03f,python,legacy/refinement_scripts/overlap/CPM/SPLA_DEMON_CPM_01_03.py,
refining code/overlap/CPM/adjacency_matrix_BoS_output.xlsx,239952,dbb03a7580927fb9408556c408314bad0bce4b4bdf7b31445aa69584ce11a557,duplicate_or_source_data,,historical duplicate/source workbook; canonical matrices/tables/results are centralized elsewhere in the reconstructed repository
refining code/overlap/CPM/adjacency_matrix_C.elegans_output.xlsx,206097,68df81cb6768b3ef59986a49c0266b1bbf378f47bb57fe40ceec07cd8f311015,duplicate_or_source_data,,historical duplicate/source workbook; canonical matrices/tables/results are centralized elsewhere in the reconstructed repository
refining code/overlap/CPM/adjacency_matrix_Candida_output.xlsx,304698,b6803fcd10a0ecb2e5edff93b1647dcd8a21506446a7798b345863b40360cec3,duplicate_or_source_data,,historical duplicate/source workbook; canonical matrices/tables/results are centralized elsewhere in the reconstructed repository
refining code/overlap/CPM/adjacency_matrix_DanioRerio_output.xlsx,58245,1e50b6e09bf1c4239088bef09e074a471989c5e46dc14f288bc5bc2165f298db,duplicate_or_source_data,,historical duplicate/source workbook; canonical matrices/tables/results are centralized elsewhere in the reconstructed repository
refining code/overlap/CPM/adjacency_matrix_Diseasome_output.xlsx,5144888,f2f05c3dec3f6e1bbc806037bff1417d6918ef75f7117e229c4519162ae2666f,duplicate_or_source_data,,historical duplicate/source workbook; canonical matrices/tables/results are centralized elsewhere in the reconstructed repository
refining code/overlap/CPM/adjacency_matrix_Dolphin_output.xlsx,14352,e59a108973dc91268aeff10643a271025a0d238736c4ceddb74082be0d263963,duplicate_or_source_data,,historical duplicate/source workbook; canonical matrices/tables/results are centralized elsewhere in the reconstructed repository
refining code/overlap/CPM/adjacency_matrix_karate_output.xlsx,7303,d00cb85767ea2382b2387b2e3d9f562a4f721e883ca79b2aea301a4b9b824cf3,duplicate_or_source_data,,historical duplicate/source workbook; canonical matrices/tables/results are centralized elsewhere in the reconstructed repository
refining code/overlap/CPM/adjacency_matrix_lesmisrable_output.xlsx,18863,41c19500e4f56da104d99c6944729ff46a1abb7ab6a072970061daf85051dd39,duplicate_or_source_data,,historical duplicate/source workbook; canonical matrices/tables/results are centralized elsewhere in the reconstructed repository
refining code/overlap/CPM/adjacency_matrix_netscience_output.xlsx,5459530,c094a8b3d444bca3d817f33809dbe3036eb46436a7a4f4a4fc729cab702bbc5c,duplicate_or_source_data,,historical duplicate/source workbook; canonical matrices/tables/results are centralized elsewhere in the reconstructed repository
refining code/overlap/CPM/adjacency_matrix_yeast_output.xlsx,14405585,082294b8c32210fb36ddd5d19ccd7d48a19355b236a9c7ee19157d59f1ed0409,duplicate_or_source_data,,historical duplicate/source workbook; canonical matrices/tables/results are centralized elsewhere in the reconstructed repository
refining code/overlap/CPM/adjacency_matrix_yeast_output_LIDEN_abs0p2_rel0p15.txt,19068,0275edb76a9834e103f5c23a1f87c9a3adb3049065b9285580693776476bfaf3,other,,not selected for public repository package
refining code/overlap/CPM/adjacency_matrix_yeast_output_LIDEN_abs0p2_rel0p15_membership.csv,31028,6ddf9279af9b72cce26b85112fb409732830f4059ba26c7c406f22a611d1fbbf,duplicate_or_source_data,,historical duplicate/source workbook; canonical matrices/tables/results are centralized elsewhere in the reconstructed repository
refining code/overlap/CPM/result.xlsx,9480,dbe9432cb8c6620de65e3e1e71d17b92fae2790e06734864d0a79c32c8a6f679,refinement_output,results/reference_archive/overlap_refinement/CPM/result.xlsx,
refining code/overlap/CPM/statistic.xlsx,11183,ade21d1b8e921c8ed74ea3c9fc7cb87196b1d256c25d2c4b302c43d02572b4e2,refinement_output,results/reference_archive/overlap_refinement/CPM/statistic.xlsx,
refining code/overlap/Excution time.png,321100,e55f2b7283b2c1dd1e14f655c6387e8b1b8b4e95fb16d302677a12bdc47663a1,refinement_output,results/reference_archive/overlap_refinement/Excution time.png,
refining code/overlap/Nodes.xlsx,14750,15f9214c0b3f12708eea61ef6c15760e81c29e0342601cc2289d79bfbdbe27d8,refinement_output,results/reference_archive/overlap_refinement/Nodes.xlsx,
refining code/overlap/OVERLAPP-Communities.xlsx,9062,6dbd6556573fe714d5f7fa98b18d962f21994233cf9378e5b9c68f9f1be44622,refinement_output,results/reference_archive/overlap_refinement/OVERLAPP-Communities.xlsx,
refining code/overlap/ST_ANOVA_OVER_01_01.py,2538,3060606595e80c63f0934a490dc3a81b8503dace34f68b2ad2dfc40fc35d50dc,python,legacy/refinement_scripts/overlap/ST_ANOVA_OVER_01_01.py,
refining code/overlap/Time.xlsx,21193,ee375d8718218053367182b8ae454b7dfa8f839283ecf736f4557fd9645412c9,refinement_output,results/reference_archive/overlap_refinement/Time.xlsx,
refining code/overlap/anova_OVERLAPPp.xlsx,10514,eb7d48cdfb2ad7860a772c34e7ce72d7bbff5624f430815c1599873476df58da,refinement_output,results/reference_archive/overlap_refinement/anova_OVERLAPPp.xlsx,
refining code/overlap/anova_overlaps_summary.csv,286,da05a613bf70d6ff0b9c8f8a8db5d1c59f268bb5698459b730297d913b3c5260,refinement_output,results/reference_archive/overlap_refinement/anova_overlaps_summary.csv,
refining code/overlap/anova_tukey_overlaps.csv,7667,77b0001190e62a6e0b668bdd543111f49dec0d94608662994611d56a4fd3055d,refinement_output,results/reference_archive/overlap_refinement/anova_tukey_overlaps.csv,
refining code/overlap/box_chart_01.py,3432,865a6d62ba7fade461b8646d1b68232f2b4b3acdc618caff2d2769b3e4464822,python,legacy/refinement_scripts/overlap/box_chart_01.py,
refining code/overlap/figures/bar_overlaps_meanstd_Disesome.png,112767,27dddeb44e2e93e1927e93a7fa2f8bdad24844e9df983f36b18b2509e3261b27,refinement_output,results/reference_archive/overlap_refinement/figures/bar_overlaps_meanstd_Disesome.png,
refining code/overlap/figures/boxplot_overlaps_Disesome.png,116761,ca14f208e5695986cdc5b023f553ce22ff9f6a3659eb24ff9893f3177a837051,refinement_output,results/reference_archive/overlap_refinement/figures/boxplot_overlaps_Disesome.png,
refining code/overlap/finnal result.xlsx,9478,c6aa14ca68c39a17aeff597843aaac4985b05adc2b3de939461d39148550bc92,refinement_output,results/reference_archive/overlap_refinement/finnal result.xlsx,
refining code/overlap/general_result.xlsx,9496,f1c91c4604c378dc798ecd9c1ac405a873959c25d52b1514c256ce1e70efe23a,refinement_output,results/reference_archive/overlap_refinement/general_result.xlsx,
refining code/overlap/overlap_long_table.csv,9950,a265c46748e76b9523e85a5caa3d8496085c43e52993a9e32f9a2c1103fc5857,refinement_output,results/reference_archive/overlap_refinement/overlap_long_table.csv,
refining code/overlap/overlap_paired_ttests.csv,227,1fcc129657c088611c211355c49341ab944e5bb84c73fb8129579d156ac9220a,refinement_output,results/reference_archive/overlap_refinement/overlap_paired_ttests.csv,
refining code/overlap/overlap_statistic S A_01_01.py,4875,792c10373b42f3b05f8155f1b8313a86a33ab58b71bbd3b73e85a39061cd77e7,python,legacy/refinement_scripts/overlap/overlap_statistic S A_01_01.py,
refining code/overlap/overlap_summary_mean_std.csv,1445,3e3e6ef0380d7f3d517c696478e8991c2ee56842095ac4adaf45cfe32a151c4d,refinement_output,results/reference_archive/overlap_refinement/overlap_summary_mean_std.csv,
refining code/overlap/overlapp_STD.xlsx,20368,6ba4f4a290ffb408847071f2a4c3fb8c62f6fb1a82e85f0e7cab5af24c831efd,refinement_output,results/reference_archive/overlap_refinement/overlapp_STD.xlsx,
refining code/overlap/overlapping nodes.png,123703,ca62a277fe5bfcaea9789ce1b9639080e60cbaf760d44e20eb46f4a1a694f99f,refinement_output,results/reference_archive/overlap_refinement/overlapping nodes.png,
refining code/overlap/result-02.xlsx,9237,cca4f00667fd0a13bafb93c3fb14fe837b52f31d0e6c184dd7854768b922d3f9,refinement_output,results/reference_archive/overlap_refinement/result-02.xlsx,
refining code/overlap/statistic.xlsx,11122,a96f09fc02704b1bdba6e5559df066f7dc3d3d27c2242566d4e0d5de075f7fe5,refinement_output,results/reference_archive/overlap_refinement/statistic.xlsx,
refining code/overlapping-compar.xlsx,20227,982ca290e013f5ba3af6f1884e558f4f1b573fd545e6ed9d297a24be0475b0ab,refinement_root_output,results/reference_archive/refinement_root/overlapping-compar.xlsx,
